HeightRank,Name,Classification(DoBIH codes),Completed,Completed Date,Height(ft),Height(m),URL,OS Grid Reference,Planned,Priority,Prom.(ft),Prom.(m),Section,Topo Map,X,Y,Latitude,Longitude
1,Scafell Pike,"Ma,F,Sim,Hew,N,W,B,Sy,Fel,CoH,CoU,CoA",,,"3,209",978,https://en.wikipedia.org/wiki/Scafell_Pike,NY2150007200,,,"2,992",912,Southern Fells,89 90,321500,507200,54.454098,-3.2122852
2,Scafell,"Hu,F,Sim,Hew,N,W,B,Sy,Fel",,,"3,162",964,https://en.wikipedia.org/wiki/Scafell,NY2060006400,,,434,132,Southern Fells,89 90,320600,506400,54.44677,-3.2259484
3,Helvellyn,"Ma,F,Sim,Hew,N,W,B,Sy,Fel,CoH",,,"3,117",950,https://en.wikipedia.org/wiki/Helvellyn,NY3420015100,,,"2,336",712,Eastern Fells,90,334200,515100,54.52689,-3.0182022
4,Skiddaw,"Ma,F,Sim,Hew,N,W,B,Sy,Fel",,,"3,054",931,https://en.wikipedia.org/wiki/Skiddaw,NY2600029000,,,"2,326",709,Northern Fells,89 90,326000,529000,54.650648,-3.1483845
5,Great End,"Sim,Hew,N,W,B,Sy,Fel",,,"2,984",910,https://en.wikipedia.org/wiki/Great_End,NY2260008300,,,184,56,Southern Fells,89 90,322600,508300,54.464151,-3.1956112
6,Bowfell,"Hu,Sim,Hew,N,sMa,W,B,Sy,Fel",,,"2,962",903,https://en.wikipedia.org/wiki/Bowfell,NY2440006400,,,486,148,Southern Fells,89 90,324400,506400,54.447351,-3.1673618
7,Great Gable,"Ma,Sim,Hew,N,W,B,Sy,Fel",,,"2,949",899,https://en.wikipedia.org/wiki/Great_Gable,NY2110010300,,,"1,394",425,Western Fells,89 90,321100,510300,54.481889,-3.2192814
8,Pillar,"Ma,Sim,Hew,N,W,B,Sy,Fel",,,"2,927",892,https://en.wikipedia.org/wiki/Pillar_(Lake_District),NY1710012100,,,"1,142",348,Western Fells,89 90,317100,512100,54.497423,-3.281508
9,Nethermost Pike,"N,sSim,W,B,Sy,Fel",,,"2,923",891,https://en.wikipedia.org/wiki/Nethermost_Pike,NY3430014200,,,95,29,Eastern Fells,90,334300,514200,54.518816,-3.0164565
10,Catstye,"Sim,Hew,N,W,B,Sy,Fel",,,"2,920",890,https://en.wikipedia.org/wiki/Catstye_Cam,NY3480015800,,,207,63,Eastern Fells,90,334800,515800,54.533258,-3.0090883
11,Esk Pike,"Hu,Sim,Hew,N,W,B,Sy,Fel",,,"2,904",885,https://en.wikipedia.org/wiki/Esk_Pike,NY2360007500,,,367,112,Southern Fells,89 90,323600,507500,54.457114,-3.1799803
12,Raise,"Sim,Hew,N,sHu,W,B,Sy,Fel",,,"2,897",883,https://en.wikipedia.org/wiki/Raise_(Lake_District),NY3420017400,,,299,91,Eastern Fells,90,334200,517400,54.547557,-3.018717
13,Fairfield,"Ma,Sim,Hew,N,W,B,Sy,Fel",,,"2,864",873,https://en.wikipedia.org/wiki/Fairfield_(Lake_District),NY3580011700,,,981,299,Eastern Fells,90,335800,511700,54.496545,-2.9927432
14,Blencathra,"Ma,Sim,Hew,N,W,B,Sy,Fel",,,"2,848",868,https://en.wikipedia.org/wiki/Blencathra,NY3230027700,,,"1,512",461,Northern Fells,90,332300,527700,54.639854,-3.0504636
15,Skiddaw Little Man,"Sim,Hew,N,W,B,Sy,Fel",,,"2,838",865,https://en.wikipedia.org/wiki/Skiddaw_Little_Man,NY2660027700,,,200,61,Northern Fells,89 90,326600,527700,54.639056,-3.138761
16,White Side,"Sim,Hew,N,W,B,Sy,Fel",,,"2,831",863,https://en.wikipedia.org/wiki/White_Side,NY3370016600,,,138,42,Eastern Fells,90,333700,516600,54.540303,-3.0262647
17,Crinkle Crags,"Hu,Sim,Hew,N,W,B,Sy,Fel",,,"2,818",859,https://en.wikipedia.org/wiki/Crinkle_Crags,NY2480004800,,,456,139,Southern Fells,89 90,324800,504800,54.433034,-3.160788
18,Dollywaggon Pike,"Sim,Hew,N,W,B,Sy,Fel",,,"2,815",858,https://en.wikipedia.org/wiki/Dollywaggon_Pike,NY3460013000,,,164,50,Eastern Fells,90,334600,513000,54.508073,-3.0115563
19,Great Dodd,"Hu,Sim,Hew,N,W,B,Sy,Fel",,,"2,812",857,https://en.wikipedia.org/wiki/Great_Dodd,NY3420020500,,,358,109,Eastern Fells,90,334200,520500,54.575411,-3.0194118
20,Grasmoor,"Ma,Sim,Hew,N,W,B,Sy,Fel",,,"2,795",852,https://en.wikipedia.org/wiki/Grasmoor,NY1740020300,,,"1,703",519,North Western Fells,89 90,317400,520300,54.571146,-3.2791796
21,Stybarrow Dodd,"Sim,Hew,N,W,B,Sy,Fel",,,"2,766",843,https://en.wikipedia.org/wiki/Stybarrow_Dodd,NY3430018900,,,223,68,Eastern Fells,90,334300,518900,54.561048,-3.0175069
22,Scoat Fell,"Sim,Hew,N,W,B,Sy,Fel",,,"2,759",841,https://en.wikipedia.org/wiki/Scoat_Fell,NY1590011300,,,282,86,Western Fells,89,315900,511300,54.490038,-3.2998029
23,St Sunday Crag,"Ma,Sim,Hew,N,W,B,Sy,Fel",,,"2,759",841,https://en.wikipedia.org/wiki/St_Sunday_Crag,NY3690013300,,,522,159,Eastern Fells,90,336900,513300,54.51106,-2.9761049
24,Crag Hill [Eel Crag],"Hu,Sim,Hew,N,W,B,Sy,Fel",,,"2,753",839,https://en.wikipedia.org/wiki/Crag_HillÊ[Eel Crag],NY1920020300,,,384,117,North Western Fells,89 90,319200,520300,54.571437,-3.2513445
25,High Street,"Ma,Sim,Hew,N,W,B,Sy,Fel",,,"2,717",828,https://en.wikipedia.org/wiki/High_Street_(Lake_District),NY4400011000,,,"1,224",373,Far Eastern Fells,90,344000,511000,54.491228,-2.8660214
26,Red Pike,"Sim,Hew,N,W,B,Sy,Fel",,,"2,710",826,https://en.wikipedia.org/wiki/Red_Pike_(Wasdale),NY1650010600,,,203,62,Western Fells,89,316500,510600,54.483848,-3.2903449
27,Hart Crag,"Sim,Hew,N,W,B,Sy,Fel",,,"2,697",822,https://en.wikipedia.org/wiki/Hart_Crag,NY3690011200,,,157,48,Eastern Fells,90,336900,511200,54.492191,-2.9756552
28,Steeple,"N,sSim,W,B,Sy,Fel",,,"2,687",819,https://en.wikipedia.org/wiki/Steeple_(Lake_District),NY1570011600,,,79,24,Western Fells,89,315700,511600,54.4927,-3.3029753
29,Lingmell,"Sim,Hew,N,W,B,Sy,Fel",,,"2,648",807,https://en.wikipedia.org/wiki/Lingmell,NY2090008100,,,236,72,Southern Fells,89 90,320900,508100,54.462092,-3.2217781
30,High Stile,"W,B",,,"2,644",806,https://en.wikipedia.org/wiki/High_Stile,NY1670014700,,,33,10,Western Fells,89,316700,514700,54.520718,-3.2884174
31,The Old Man of Coniston,"Ma,Sim,Hew,N,W,B,Sy,Fel,CoH",,,"2,633",802,https://en.wikipedia.org/wiki/The_Old_Man_of_Coniston,SD2720097800,,,"1,362",415,Southern Fells,96 97,327200,497800,54.370487,-3.1220791
32,Swirl How,"Hu,Sim,Hew,N,W,B,Sy,Fel",,,"2,633",802,https://en.wikipedia.org/wiki/Swirl_How,NY2720000500,,,394,120,Southern Fells,89 90,327200,500500,54.394747,-3.1227412
33,Kirk Fell,"Ma,Sim,Hew,N,W,B,Sy,Fel",,,"2,631",802,https://en.wikipedia.org/wiki/Kirk_Fell,NY1940010400,,,594,181,Western Fells,89 90,319400,510400,54.48252,-3.2455403
34,High Raise (High Street),"Sim,Hew,N,W,B,Sy,Fel",,,"2,631",802,https://en.wikipedia.org/wiki/High_Raise_(High_Street),NY4480013400,,,289,88,Far Eastern Fells,90,344800,513400,54.512882,-2.8541225
35,Green Gable,"Sim,Hew,N,W,B,Sy,Fel",,,"2,628",801,https://en.wikipedia.org/wiki/Green_Gable,NY2140010700,,,164,50,Western Fells,89 90,321400,510700,54.48553,-3.2147588
36,Haycock,"Sim,Hew,N,sHu,W,B,Sy,Fel",,,"2,615",797,https://en.wikipedia.org/wiki/Haycock_(Lake_District),NY1440010700,,,308,94,Southern Fells,89,314400,510700,54.484396,-3.3227783
37,Brim Fell,"N,sSim,W,B,Sy,Fel",,,"2,612",796,https://en.wikipedia.org/wiki/Brim_Fell,SD2700098500,,,69,21,Western Fells,96 97,327000,498500,54.376748,-3.1253289
38,Rampsgill Head,"Sim,Hew,N,W,B,Sy,Fel",,,"2,598",792,https://en.wikipedia.org/wiki/Rampsgill_Head,NY4430012800,,,135,41,Far Eastern Fells,90,344300,512800,54.507436,-2.861731
39,Dove Crag,"Sim,Hew,N,W,B,Sy,Fel",,,"2,598",792,https://en.wikipedia.org/wiki/Dove_Crag,NY3740010400,,,164,50,Eastern Fells,90,337400,510400,54.485064,-2.9677675
40,Grisedale Pike,"Ma,Sim,Hew,N,W,B,Sy,Fel",,,"2,595",791,https://en.wikipedia.org/wiki/Grisedale_Pike,NY1980022500,,,620,189,North Western Fells,89 90,319800,522500,54.591299,-3.2426675
41,Watson's Dodd,"W,B,Sy,Fel",,,"2,589",789,https://en.wikipedia.org/wiki/Watson's_Dodd,NY3350019500,,,36,11,Eastern Fells,90,333500,519500,54.566334,-3.0300119
42,Allen Crags,"Sim,Hew,N,W,B,Sy,Fel",,,"2,575",785,https://en.wikipedia.org/wiki/Allen_Crags,NY2360008500,,,197,60,Southern Fells,89 90,323600,508500,54.466099,-3.1802389
43,Great Carrs,"N,sSim,W,B,Sy,Fel",,,"2,575",785,https://en.wikipedia.org/wiki/Great_Carrs,NY2700000900,,,66,20,Southern Fells,89 90,327000,500900,54.398312,-3.1259193
44,Thornthwaite Crag,"Sim,Hew,N,W,B,Sy,Fel",,,"2,572",784,https://en.wikipedia.org/wiki/Thornthwaite_Crag,NY4310010000,,,102,31,Far Eastern Fells,90,343100,510000,54.482142,-2.8797205
45,Glaramara,"Hu,Sim,Hew,N,W,B,Sy,Fel",,,"2,569",783,https://en.wikipedia.org/wiki/Glaramara,NY2450010400,,,397,121,Southern Fells,89 90,324500,510400,54.483306,-3.1668425
46,Kidsty Pike,"N,W,B,Sy,Fel",,,"2,559",780,https://en.wikipedia.org/wiki/Kidsty_Pike,NY4470012500,,,49,15,Far Eastern Fells,90,344700,512500,54.504784,-2.8554979
47,Harter Fell (Mardale),"Hu,Sim,Hew,N,sMa,W,B,Sy,Fel",,,"2,556",779,https://en.wikipedia.org/wiki/Harter_Fell_(Mardale),NY4590009300,,,490,149,Far Eastern Fells,90,345900,509300,54.476159,-2.8363814
48,Dow Crag,"Hu,Sim,Hew,N,W,B,Sy,Fel",,,"2,552",778,https://en.wikipedia.org/wiki/Dow_Crag,SD2620097700,,,423,129,Southern Fells,96 97,326200,497700,54.369444,-3.1374434
49,Red Screes,"Ma,Sim,Hew,N,W,B,Sy,Fel",,,"2,546",776,https://en.wikipedia.org/wiki/Red_Screes,NY3960008700,,,853,260,Eastern Fells,90,339600,508700,54.470055,-2.9334666
50,Sail,"Sim,Hew,N,W,B,Sy,Fel",,,"2,536",773,https://en.wikipedia.org/wiki/Sail_(Lake_District),NY1980020200,,,105,32,North Western Fells,89 90,319800,520200,54.570634,-3.2420387
51,Grey Friar,"Sim,Hew,N,W,B,Sy,Fel",,,"2,536",773,https://en.wikipedia.org/wiki/Grey_Friar,NY2600000300,,,256,78,Southern Fells,89 90,326000,500300,54.392777,-3.1411692
52,Wandope,"Sim,Hew,N,W,B,Sy,Fel",,,"2,533",772,https://en.wikipedia.org/wiki/Wandope,NY1880019700,,,98,30,North Western Fells,89 90,318800,519700,54.565982,-3.2573641
53,Hopegill Head,"Sim,Hew,N,sHu,W,B,Sy,Fel",,,"2,526",770,https://en.wikipedia.org/wiki/Hopegill_Head,NY1850022100,,,318,97,North Western Fells,89 90,318500,522100,54.587497,-3.2626694
54,Great Rigg,"Sim,Hew,N,W,B,Sy,Fel",,,"2,513",766,https://en.wikipedia.org/wiki/Great_Rigg,NY3550010400,,,102,31,Eastern Fells,90,335500,510400,54.484826,-2.9970899
55,Stony Cove Pike,"Ma,Sim,Hew,N,W,B,Sy,Fel",,,"2,503",763,https://en.wikipedia.org/wiki/Stony_Cove_Pike,NY4170010000,,,561,171,Far Eastern Fells,90,341700,510000,54.481983,-2.9013256
56,Wetherlam,"Hu,Sim,Hew,N,sMa,W,B,Sy,Fel",,,"2,503",763,https://en.wikipedia.org/wiki/Wetherlam,NY2880001100,,,476,145,Southern Fells,89 90,328800,501100,54.400365,-3.0982478
57,High Raise,"Ma,Sim,Hew,N,W,B,Sy,Fel",,,"2,500",762,https://en.wikipedia.org/wiki/High_Raise_(Langdale)Ê[Langdale],NY2800009500,,,928,283,Far Eastern Fells,89 90,328000,509500,54.475729,-3.1126124
58,Slight Side,"W,B,Sy,Fel,xN",,,"2,500",762,https://en.wikipedia.org/wiki/Slight_Side,NY2090005000,,,46,14,Southern Fells,89 90,320900,505000,54.434238,-3.2209489
59,Mardale Ill Bell,"W,B,Sy,Fel,xN",,,"2,493",760,https://en.wikipedia.org/wiki/Mardale_Ill_Bell,NY4470010100,,,33,10,Far Eastern Fells,90,344700,510100,54.483218,-2.8550475
60,Ill Bell,"Hu,Sim,Hew,N,W,B,Sy,Fel",,,"2,484",757,https://en.wikipedia.org/wiki/Ill_Bell,NY4360007700,,,407,124,Far Eastern Fells,90,343600,507700,54.46153,-2.8715648
61,Hart Side,"N,sSim,W,B,Sy,Fel",,,"2,480",756,https://en.wikipedia.org/wiki/Hart_Side,NY3590019700,,,75,23,Eastern Fells,90,335900,519700,54.568442,-2.9929432
62,Red Pike (Buttermere),"Sim,Hew,N,W,B,Sy,Fel",,,"2,477",755,https://en.wikipedia.org/wiki/Red_Pike_(Buttermere),NY1600015400,,,131,40,Western Fells,89,316000,515400,54.526891,-3.2994284
63,Dale Head,"Ma,Sim,Hew,N,W,B,Sy,Fel",,,"2,470",753,https://en.wikipedia.org/wiki/Dale_Head,NY2220015300,,,"1,302",397,North Western Fells,89 90,322200,515300,54.526984,-3.2036278
64,Carl Side,"Sim,Hew,N,W,B,Sy,Fel",,,"2,448",746,https://en.wikipedia.org/wiki/Carl_Side,NY2540028000,,,98,30,Northern Fells,89 90,325400,528000,54.641575,-3.1574259
65,High Crag,"Sim,Hew,N,W,B,Sy,Fel",,,"2,441",744,https://en.wikipedia.org/wiki/High_Crag,NY1800013900,,,115,35,Western Fells,89 90,318000,513900,54.513742,-3.2681164
66,The Knott,"W,B,Sy,xN",,,"2,425",739,https://en.wikipedia.org/wiki/The_Knott,NY4370012600,,,43,13,Far Eastern Fells,90,343700,512600,54.505572,-2.8709578
67,Robinson,"Ma,Sim,Hew,N,W,B,Sy,Fel",,,"2,418",737,https://en.wikipedia.org/wiki/Robinson_(Lake_District),NY2010016800,,,528,161,North Western Fells,89 90,320100,516800,54.540134,-3.2364748
68,Seat Sandal,"Ma,Sim,Hew,N,W,B,Sy,Fel",,,"2,417",737,https://en.wikipedia.org/wiki/Seat_Sandal,NY3440011500,,,498,152,Eastern Fells,90,334400,511500,54.494568,-3.0143106
69,Harrison Stickle,"Sim,Hew,N,W,B,Sy,Fel",,,"2,415",736,https://en.wikipedia.org/wiki/Harrison_Stickle,NY2810007400,,,174,53,Central Fells,89 90,328100,507400,54.456874,-3.1105583
70,Sergeant Man,"W,B,Sy,Fel,xN",,,"2,415",736,https://en.wikipedia.org/wiki/Sergeant_Man,NY2860008800,,,39,12,Central Fells,89 90,328600,508800,54.469524,-3.1031859
71,Long Side,"Sim,Hew,N,W,B,Sy,Fel",,,"2,408",734,https://en.wikipedia.org/wiki/Long_Side,NY2480028400,,,131,40,Northern Fells,89 90,324800,528400,54.64508,-3.1668236
72,Kentmere Pike,"Sim,Hew,N,W,B,Sy,Fel",,,"2,395",730,https://en.wikipedia.org/wiki/Kentmere_Pike,NY4650007700,,,128,39,Far Eastern Fells,90,346500,507700,54.461845,-2.8268332
73,Hindscarth,"Sim,Hew,N,W,B,Sy,Fel",,,"2,385",727,https://en.wikipedia.org/wiki/Hindscarth,NY2150016500,,,233,71,North Western Fells,89 90,321500,516500,54.537658,-3.2147613
74,Ullscarf,"Hu,Sim,Hew,N,W,B,Sy,Fel",,,"2,382",726,https://en.wikipedia.org/wiki/Ullscarf,NY2910012100,,,387,118,Central Fells,89 90,329100,512100,54.499245,-3.0962657
75,Clough Head,"Hu,Sim,Hew,N,W,B,Sy,Fel",,,"2,382",726,https://en.wikipedia.org/wiki/Clough_Head,NY3330022500,,,354,108,Eastern Fells,90,333300,522500,54.593264,-3.0337869
76,Thunacar Knott,"N,sSim,W,B,Sy,Fel",,,"2,372",723,https://en.wikipedia.org/wiki/Thunacar_Knott,NY2790007900,,,89,27,Central Fells,89 90,327900,507900,54.461338,-3.1137647
77,Froswick,"Sim,Hew,N,W,B,Sy,Fel",,,"2,362",720,https://en.wikipedia.org/wiki/Froswick,NY4350008500,,,246,75,Far Eastern Fells,90,343500,508500,54.468708,-2.8732604
78,Birkhouse Moor,"N,sSim,W,B,Sy,Fel",,,"2,356",718,https://en.wikipedia.org/wiki/Birkhouse_Moor,NY3630015900,,,69,21,Eastern Fells,90,336300,515900,54.534347,-2.9859334
79,Lonscale Fell,"Sim,Hew,N,W,B,Sy,Fel",,,"2,346",715,https://en.wikipedia.org/wiki/Lonscale_Fell,NY2850027100,,,164,50,Northern Fells,89 90,328500,527100,54.633938,-3.1091822
80,Brandreth,"Sim,Hew,N,W,B,Sy,Fel",,,"2,346",715,https://en.wikipedia.org/wiki/Brandreth,NY2140011900,,,200,61,Western Fells,89 90,321400,511900,54.496312,-3.2150786
81,Branstree,"Hu,Sim,Hew,N,W,B,Sy,Fel",,,"2,339",713,https://en.wikipedia.org/wiki/Branstree,NY4780009900,,,449,137,Far Eastern Fells,90,347800,509900,54.48175,-2.8071701
82,Knott,"Ma,Sim,Hew,N,W,B,Sy,Fel",,,"2,329",710,"https://en.wikipedia.org/wiki/Knott,_Caldbeck",NY2960032900,,,794,242,Northern Fells,89 90,329600,532900,54.686206,-3.0935438
83,Pike o’Stickle,"Sim,Hew,N,W,B,Sy,Fel",,,"2,326",709,https://en.wikipedia.org/wiki/Pike_of_Stickle,NY2730007300,,,177,54,Central Fells,89 90,327300,507300,54.455861,-3.122871
84,Whiteside,"N,W,B,Sy,Fel",,,"2,320",707,https://en.wikipedia.org/wiki/Whiteside_(Lake_District)Ê[West Top],NY1700021900,,,59,18,North Western Fells,89 90,317000,521900,54.585456,-3.2858178
85,Yoke,"Sim,Hew,N,W,B,Sy,Fel",,,"2,316",706,https://en.wikipedia.org/wiki/Yoke_(Lake_District),NY4370006700,,,125,38,Far Eastern Fells,90,343700,506700,54.452556,-2.8698317
86,Pike o’Blisco,"Ma,Sim,Hew,N,W,B,Sy,Fel",,,"2,313",705,https://en.wikipedia.org/wiki/Pike_of_Blisco,NY2710004200,,,581,177,Southern Fells,89 90,327100,504200,54.427978,-3.1251912
87,Bowscale Fell,"Sim,Hew,N,W,B,Sy,Fel",,,"2,303",702,https://en.wikipedia.org/wiki/Bowscale_Fell,NY3330030500,,,285,87,Northern Fells,90,333300,530500,54.665146,-3.0356121
88,Cold Pike,"Sim,Hew,N,W,B,Sy,Fel",,,"2,300",701,https://en.wikipedia.org/wiki/Cold_Pike,NY2620003600,,,151,46,Southern Fells,89 90,326200,503600,54.422457,-3.1389113
89,Pavey Ark,"N,W,B,Sy,Fel",,,"2,297",700,https://en.wikipedia.org/wiki/Pavey_Ark,NY2840007900,,,49,15,Central Fells,89 90,328400,507900,54.461409,-3.106053
90,Gray Crag,"N,W,B,Sy,Fel",,,"2,293",699,https://en.wikipedia.org/wiki/Gray_Crag,NY4270011700,,,52,16,Far Eastern Fells,90,342700,511700,54.497373,-2.8862238
91,Grey Knotts,"N,W,B,Sy,Fel",,,"2,287",697,https://en.wikipedia.org/wiki/Grey_Knotts,NY2170012500,,,52,16,Western Fells,89 90,321700,512500,54.501749,-3.2106072
92,Caw Fell,"N,sSim,W,B,Sy,Fel",,,"2,287",697,https://en.wikipedia.org/wiki/Caw_Fell,NY1320010900,,,72,22,Western Fells,89,313200,510900,54.485989,-3.3413539
93,Rest Dodd,"Hu,Sim,Hew,N,W,B,Sy,Fel",,,"2,283",696,https://en.wikipedia.org/wiki/Rest_Dodd,NY4320013600,,,364,111,Far Eastern Fells,90,343200,513600,54.514502,-2.8788713
94,Seatallan,"Ma,Sim,Hew,N,W,B,Sy,Fel",,,"2,270",692,https://en.wikipedia.org/wiki/Seatallan,NY1400008400,,,633,193,Western Fells,89,314000,508400,54.463664,-3.3282807
95,Ullock Pike,"W,B,Sy,Fel,xN",,,"2,264",690,https://en.wikipedia.org/wiki/Ullock_Pike,NY2440028700,,,46,14,Northern Fells,89 90,324400,528700,54.647715,-3.1730982
96,Great Calva,"Hu,Sim,Hew,N,sMa,W,B,Sy,Fel",,,"2,264",690,https://en.wikipedia.org/wiki/Great_Calva,NY2900031100,,,466,142,Northern Fells,89 90,329000,531100,54.669949,-3.1024105
97,Bannerdale Crags,"Sim,Hew,N,W,B,Sy,Fel",,,"2,241",683,https://en.wikipedia.org/wiki/Bannerdale_Crags,NY3350029000,,,121,37,Northern Fells,90,333500,529000,54.651694,-3.0321701
98,Loft Crag,"N,sSim,W,B,Sy,Fel",,,"2,231",680,https://en.wikipedia.org/wiki/Loft_Crag,NY2770007100,,,72,22,Central Fells,89 90,327700,507100,54.454121,-3.1166536
99,Sheffield Pike,"Sim,Hew,N,sHu,W,B,Sy,Fel",,,"2,215",675,https://en.wikipedia.org/wiki/Sheffield_Pike,NY3690018100,,,299,91,Eastern Fells,90,336900,518100,54.554191,-2.9771349
100,Bakestall,"W,B,Sy,Fel",,,"2,208",673,https://en.wikipedia.org/wiki/Bakestall,NY2660030800,,,23,7,Northern Fells,89 90,326600,530800,54.666909,-3.1395402
101,Scar Crags,"Sim,Hew,N,W,B,Sy,Fel",,,"2,205",672,https://en.wikipedia.org/wiki/Scar_Crags,NY2080020600,,,180,55,North Western Fells,89 90,320800,520600,54.574386,-3.2266827
102,Loadpot Hill,"Sim,Hew,N,W,B,Sy,Fel",,,"2,205",672,https://en.wikipedia.org/wiki/Loadpot_Hill,NY4560018000,,,161,49,Far Eastern Fells,90,345600,518000,54.554304,-2.8426186
103,Wether Hill,"W,B,Sy,Fel,xN",,,"2,201",671,https://en.wikipedia.org/wiki/Wether_Hill_(Lake_District),NY4550016700,,,16,5,Far Eastern Fells,90,345500,516700,54.542612,-2.8439233
104,Tarn Crag,"Ma,Sim,Hew,N,W,B,Sy,Fel",,,"2,178",664,https://en.wikipedia.org/wiki/Tarn_Crag_(Far_Eastern_Fells),NY4880007800,,,525,160,Far Eastern Fells,90,348800,507800,54.462981,-2.7913732
105,Carrock Fell,"Sim,Hew,N,sHu,W,B,Sy,Fel",,,"2,175",663,https://en.wikipedia.org/wiki/Carrock_Fell,NY3410033600,,,299,91,Northern Fells,90,334100,533600,54.693105,-3.0239123
106,Whiteless Pike,"Sim,Hew,N,W,B,Sy,Fel",,,"2,165",660,https://en.wikipedia.org/wiki/Whiteless_Pike,NY1800018900,,,118,36,North Western Fells,89 90,318000,518900,54.558666,-3.2695103
107,High Pike (Caldbeck),"Sim,Hew,N,W,B,Sy,Fel",,,"2,159",658,https://en.wikipedia.org/wiki/High_Pike_(Caldbeck),NY3180035000,,,226,69,Northern Fells,90,331800,535000,54.705378,-3.0599165
108,Place Fell,"Ma,Sim,Hew,N,W,B,Sy,Fel",,,"2,156",657,https://en.wikipedia.org/wiki/Place_Fell,NY4050016900,,,860,262,Far Eastern Fells,90,340500,516900,54.543845,-2.9212386
109,High Pike (Scandale),"W,B,Sy,Fel",,,"2,152",656,https://en.wikipedia.org/wiki/High_Pike_(Scandale),NY3740008800,,,20,6,Eastern Fells,90,337400,508800,54.470687,-2.967428
110,Selside Pike,"Sim,Hew,N,W,B,Sy,Fel",,,"2,149",655,https://en.wikipedia.org/wiki/Selside_Pike,NY4900011100,,,118,36,Far Eastern Fells,90,349000,511100,54.492655,-2.7888587
111,Middle Dodd,"W,B,Sy,Fel",,,"2,146",654,https://en.wikipedia.org/wiki/Middle_Dodd,NY3970009500,,,46,14,Eastern Fells,90,339700,509500,54.477256,-2.9320874
112,Harter Fell (Eskdale),"Ma,Sim,Hew,N,W,B,Sy,Fel",,,"2,146",654,https://en.wikipedia.org/wiki/Harter_Fell_(Eskdale),SD2180099700,,,906,276,Southern Fells,96,321800,499700,54.386757,-3.2056792
113,High Spy,"Hu,Sim,Hew,N,sMa,W,B,Sy,Fel",,,"2,143",653,https://en.wikipedia.org/wiki/High_Spy,NY2340016200,,,485,148,North Western Fells,89 90,323400,516200,54.535254,-3.185325
114,Great Sca Fell,"W,B,Sy,Fel,xN",,,"2,136",651,https://en.wikipedia.org/wiki/Great_Sca_Fell,NY2910033900,,,43,13,Northern Fells,89 90,329100,533900,54.695121,-3.1015415
115,Rossett Pike,"Sim,Hew,N,W,B,Sy,Fel",,,"2,136",651,https://en.wikipedia.org/wiki/Rossett_Pike,NY2490007500,,,131,40,Southern Fells,89 90,324900,507500,54.457309,-3.1599324
116,Fleetwith Pike,"Hu,Sim,Hew,N,W,B,Sy,Fel",,,"2,129",649,https://en.wikipedia.org/wiki/Fleetwith_Pike,NY2050014100,,,388,118,Western Fells,89 90,320500,514100,54.515938,-3.2295644
117,Base Brown,"Sim,Hew,N,W,B,Sy,Fel",,,"2,119",646,https://en.wikipedia.org/wiki/Base_Brown,NY2250011400,,,125,38,Western Fells,89 90,322500,511400,54.491989,-3.1979675
118,Gray Crag,"Sim,Hew,N,W,B,Sy,Fel",,,"2,093",638,https://en.wikipedia.org/wiki/Grey_CragÊ[Sleddale],NY4970007200,,,135,41,Far Eastern Fells,90,349700,507200,54.45768,-2.7773881
119,Causey Pike,"Sim,Hew,N,W,B,Sy,Fel",,,"2,090",637,https://en.wikipedia.org/wiki/Causey_Pike,NY2180020800,,,131,40,North Western Fells,89 90,321800,520800,54.576339,-3.2112706
120,Little Hart Crag,"Sim,Hew,N,W,B,Sy,Fel",,,"2,090",637,https://en.wikipedia.org/wiki/Little_Hart_CragÊW,NY3870010000,,,112,34,Eastern Fells,90,338700,510000,54.481629,-2.9476214
121,Starling Dodd,"Sim,Hew,N,W,B,Sy,Fel",,,"2,077",633,https://en.wikipedia.org/wiki/Starling_Dodd,NY1420015700,,,240,73,Western Fells,89,314200,515700,54.529285,-3.3273202
122,Mungrisdale Common,"W,Sy",,,"2,077",633,https://en.wikipedia.org/wiki/Mungrisdale_Common,NY3100029200,,,8,2,Northern Fells,90,331000,529200,54.653155,-3.0709563
123,Yewbarrow,"Hu,Sim,Hew,N,sMa,W,B,Sy,Fel",,,"2,057",627,https://en.wikipedia.org/wiki/Yewbarrow,NY1730008400,,,466,142,Western Fells,89 90,317300,508400,54.464213,-3.277384
124,Birks,"N,sSim,W,B,Sy,Fel",,,"2,041",622,https://en.wikipedia.org/wiki/Birks_(Lake_District),NY3800014300,,,66,20,Eastern Fells,90,338000,514300,54.520182,-2.9593285
125,Hartsop Dodd,"N,sSim,W,B,Sy,Fel",,,"2,028",618,https://en.wikipedia.org/wiki/Hartsop_Dodd,NY4110011800,,,79,24,Far Eastern Fells,90,341100,511800,54.498088,-2.9109444
126,Great Borne,"Hu,Sim,Hew,N,W,B,Sy,Fel",,,"2,021",616,https://en.wikipedia.org/wiki/Great_Borne,NY1230016300,,,371,113,Western Fells,89,312300,516300,54.534349,-3.3568494
127,Heron Pike,"N,sSim,W,B,Sy",,,"2,008",612,https://en.wikipedia.org/wiki/Heron_Pike,NY3550008300,,,69,21,Eastern Fells,90,335500,508300,54.465956,-2.996631
128,Illgill Head,"Ma,Sim,Dew,W,B,Sy,Fel",,,"1,998",609,https://en.wikipedia.org/wiki/Illgill_Head,NY1680004900,,,"1,030",314,Southern Fells,89,316800,504900,54.432684,-3.2841111
129,High Seat,"Hu,Sim,Dew,W,B,Sy,Fel",,,"1,995",608,https://en.wikipedia.org/wiki/High_Seat_(Lake_District),NY2870018000,,,446,136,Central Fells,89 90,328700,518000,54.552202,-3.1038704
130,Seathwaite Fell,"W,B,Sy,Fel",,,"1,972",601,https://en.wikipedia.org/wiki/Seathwaite_Fell,NY2290010100,,,39,12,Southern Fells,89 90,322900,510100,54.48037,-3.191454
131,Haystacks,"5,Dew,W,B,Sy,Fel",,,"1,959",597,https://en.wikipedia.org/wiki/Haystacks_(Lake_District),NY1930013100,,,256,78,Western Fells,89 90,319300,513100,54.506763,-3.2478223
132,Bleaberry Fell,"5,Dew,W,B,Sy,Fel",,,"1,936",590,https://en.wikipedia.org/wiki/Bleaberry_Fell,NY2850019500,,,138,42,Central Fells,89 90,328500,519500,54.565651,-3.1073271
133,Shipman Knotts,"W,B,Sy,Fel",,,"1,926",587,https://en.wikipedia.org/wiki/Shipman_Knotts,NY4720006200,,,36,11,Far Eastern Fells,90,347200,506200,54.448439,-2.8157677
134,Brae Fell,"W,B,Sy,Fel",,,"1,923",586,https://en.wikipedia.org/wiki/Brae_Fell,NY2880035100,,,46,14,Northern Fells,89 90,328800,535100,54.70586,-3.1064885
135,Middle Fell,"Hu,5,Dew,W,B,Sy,Fel",,,"1,909",582,https://en.wikipedia.org/wiki/Middle_Fell,NY1500007200,,,384,117,Western Fells,89,315000,507200,54.453051,-3.3125125
136,Ard Crags,"Hu,5,Dew,W,B,Sy,Fel",,,"1,906",581,https://en.wikipedia.org/wiki/Ard_Crags,NY2060019700,,,381,116,North Western Fells,89 90,320600,519700,54.566268,-3.2295323
137,Hartsop Above How,"s5,W,B,Sy,Fel",,,"1,906",581,https://en.wikipedia.org/wiki/Hartsop_Above_How,NY3830012000,,,89,27,Eastern Fells,90,338300,512000,54.499552,-2.9542127
138,The Nab,"5,Dew,W,B,Sy",,,"1,890",576,https://en.wikipedia.org/wiki/The_Nab,NY4340015100,,,200,61,Far Eastern Fells,90,343400,515100,54.528004,-2.876071
139,Maiden Moor,"W,B,Sy,Fel",,,"1,886",575,https://en.wikipedia.org/wiki/Maiden_Moor,NY2360018100,,,33,10,North Western Fells,89 90,323600,518100,54.552355,-3.1827286
140,Blake Fell,"Ma,5,Dew,W,B,Sy,Fel",,,"1,880",573,https://en.wikipedia.org/wiki/Blake_Fell,NY1100019600,,,538,164,Western Fells,89,311000,519600,54.56377,-3.3779327
141,Sergeant's Crag,"5,Dew,W,B,Sy,Fel",,,"1,873",571,https://en.wikipedia.org/wiki/Sergeant's_Crag,NY2730011300,,,148,45,Central Fells,89 90,327300,511300,54.491802,-3.1238561
142,Outerside,"5,Dew,W,B,Sy,Fel",,,"1,864",568,https://en.wikipedia.org/wiki/Outerside,NY2110021400,,,243,74,North Western Fells,89 90,321100,521400,54.581621,-3.2222582
143,Angletarn Pikes,"5,Dew,W,B,Sy,Fel",,,"1,860",567,https://en.wikipedia.org/wiki/Angletarn_PikesÊN,NY4130014800,,,256,78,Far Eastern Fells,90,341300,514800,54.525068,-2.908455
144,Brock Crags,"s5,W,B,Sy,Fel",,,"1,841",561,https://en.wikipedia.org/wiki/Brock_Crags,NY4160013600,,,79,24,Far Eastern Fells,90,341600,513600,54.51432,-2.9035823
145,Knott Rigg,"5,Dew,W,B,Sy,Fel",,,"1,824",556,https://en.wikipedia.org/wiki/Knott_Rigg,NY1970018800,,,174,53,North Western Fells,89 90,319700,518800,54.55804,-3.2432022
146,Steel Fell [Dead Pike],"5,Dew,W,B,Sy,Fel",,,"1,814",553,https://en.wikipedia.org/wiki/Steel_FellÊ[Dead Pike],NY3190011100,,,262,80,Central Fells,90,331900,511100,54.490644,-3.0528087
147,Lord's Seat,"Ma,5,Dew,W,B,Sy,Fel",,,"1,811",552,https://en.wikipedia.org/wiki/Lord's_Seat,NY2040026500,,,778,237,North Western Fells,89 90,320400,526500,54.627333,-3.2344719
148,Rosthwaite Fell,"5,Dew,W,B,Sy,Fel",,,"1,808",551,https://en.wikipedia.org/wiki/Rosthwaite_Fell,NY2580012400,,,148,45,Southern Fells,89 90,325800,512400,54.501468,-3.1472849
149,Meal Fell,"5,Dew,W,B,Sy,Fel",,,"1,804",550,https://en.wikipedia.org/wiki/Meal_Fell,NY2830033700,,,98,30,Northern Fells,89 90,328300,533700,54.69321,-3.1139017
150,Tarn Crag (Easedale),"W,B,Sy,Fel",,,"1,801",549,https://en.wikipedia.org/wiki/Tarn_Crag_(Easedale),NY3030009300,,,13,4,Central Fells,90,330300,509300,54.474253,-3.0770787
151,Hard Knott,"Ma,5,Dew,W,B,Sy,Fel",,,"1,801",549,https://en.wikipedia.org/wiki/Hard_Knott,NY2310002300,,,505,154,Southern Fells,89 90,323100,502300,54.410317,-3.1863399
152,Blea Rigg,"W,B,Sy,Fel",,,"1,775",541,https://en.wikipedia.org/wiki/Blea_Rigg,NY3010007800,,,36,11,Central Fells,90,330100,507800,54.460748,-3.0798094
153,Lank Rigg,"Hu,5,Dew,W,B,Sy,Fel",,,"1,775",541,https://en.wikipedia.org/wiki/Lank_Rigg,NY0910011900,,,364,111,Western Fells,89,309100,511900,54.494254,-3.404929
154,Calf Crag,"5,Dew,W,B,Sy,Fel",,,"1,762",537,https://en.wikipedia.org/wiki/Calf_Crag,NY3010010400,,,164,50,Central Fells,90,330100,510400,54.484109,-3.080425
155,Whin Rigg,"5,Dew,W,B,Sy,Fel",,,"1,762",537,https://en.wikipedia.org/wiki/Whin_Rigg,NY1510003500,,,200,61,Southern Fells,89,315100,503500,54.419825,-3.3099092
156,Great Mell Fell,"Ma,5,Dew,W,B,Sy,Fel",,,"1,762",537,https://en.wikipedia.org/wiki/Great_Mell_Fell,NY3960025300,,,650,198,Eastern Fells,90,339600,525300,54.619217,-2.936879
157,Arthur's Pike,"W,B,Sy,Fel",,,"1,749",533,https://en.wikipedia.org/wiki/Arthur's_Pike,NY4600020600,,,13,4,Far Eastern Fells,90,346000,520600,54.57771,-2.8369133
158,Great Cockup,"5,Dew,sHu,W,B,Sy,Fel",,,"1,726",526,https://en.wikipedia.org/wiki/Great_Cockup,NY2730033300,,,295,90,Northern Fells,89 90,327300,533300,54.689473,-3.129313
159,Gavel Fell,"5,Dew,W,B,Sy,Fel",,,"1,726",526,https://en.wikipedia.org/wiki/Gavel_Fell,NY1160018300,,,246,75,Western Fells,89,311600,518300,54.552196,-3.3682652
160,Eagle Crag,"s5,W,B,Sy,Fel",,,"1,722",525,https://en.wikipedia.org/wiki/Eagle_Crag,NY2750012100,,,89,27,Central Fells,89 90,327500,512100,54.499019,-3.1209659
161,Bonscale Pike,"W,B,Sy,Fel",,,"1,719",524,https://en.wikipedia.org/wiki/Bonscale_Pike,NY4530020000,,,3,1,Far Eastern Fells,90,345300,520000,54.572243,-2.8476293
162,Crag Fell,"Hu,5,Dew,W,B,Sy,Fel",,,"1,716",523,https://en.wikipedia.org/wiki/Crag_Fell,NY0970014300,,,374,114,Western Fells,89,309700,514300,54.515924,-3.3964038
163,Souther Fell,"5,Dew,W,B,Sy,Fel",,,"1,713",522,https://en.wikipedia.org/wiki/Souther_Fell,NY3540029100,,,285,87,Northern Fells,90,335400,529100,54.65284,-3.0027501
164,High Hartsop Dodd,"W,B,Sy,Fel",,,"1,703",519,https://en.wikipedia.org/wiki/High_Hartsop_Dodd,NY3930010700,,,10,3,Eastern Fells,90,339300,510700,54.487991,-2.9385064
165,Whinlatter,"W,B,Sy,Fel",,,"1,696",517,https://en.wikipedia.org/wiki/WhinlatterÊ[Brown How],NY1910025100,,,52,16,North Western Fells,89 90,319100,525100,54.614547,-3.2542157
166,Sallows,"5,Dew,W,B,Sy,Fel",,,"1,693",516,https://en.wikipedia.org/wiki/Sallows,NY4360003900,,,226,69,Far Eastern Fells,90,343600,503900,54.427384,-2.8708398
167,High Tove,"W,B,Sy,Fel",,,"1,690",515,https://en.wikipedia.org/wiki/High_Tove,NY2890016500,,,52,16,Central Fells,89 90,328900,516500,54.538752,-3.100416
168,Mellbreak,"Ma,5,Dew,W,B,Sy,Fel",,,"1,680",512,https://en.wikipedia.org/wiki/Mellbreak,NY1480018600,,,853,260,Western Fells,89,314800,518600,54.555441,-3.3188918
169,Broom Fell,"s5,W,B,Sy,Fel",,,"1,677",511,https://en.wikipedia.org/wiki/Broom_Fell,NY1940027100,,,89,27,North Western Fells,89 90,319400,527100,54.632565,-3.2501226
170,Hen Comb,"Hu,5,Dew,sMa,W,B,Sy,Fel",,,"1,670",509,https://en.wikipedia.org/wiki/Hen_Comb,NY1320018100,,,459,140,Western Fells,89,313200,518100,54.550677,-3.3434762
171,Beda Fell [Beda Head],"5,Dew,W,B,Sy,Fel",,,"1,670",509,https://en.wikipedia.org/wiki/Beda_FellÊ[Beda Head],NY4280017100,,,200,61,Far Eastern Fells,90,342800,517100,54.545908,-2.8857299
172,Low Pike,"W,B,Sy,Fel",,,"1,667",508,https://en.wikipedia.org/wiki/Low_Pike,NY3730007800,,,59,18,Eastern Fells,90,337300,507800,54.461689,-2.9687584
173,Little Mell Fell,"Ma,5,Dew,W,B,Sy,Fel",,,"1,657",505,https://en.wikipedia.org/wiki/Little_Mell_Fell,NY4230024000,,,741,226,Eastern Fells,90,342300,524000,54.607852,-2.8948158
174,Stone Arthur,"W,B,Sy,Fel",,,"1,654",504,https://en.wikipedia.org/wiki/Stone_Arthur,NY3470009200,,,10,3,Eastern Fells,90,334700,509200,54.473941,-3.0091705
175,Dodd,"Hu,5,Dew,W,B,Sy,Fel",,,"1,647",502,https://en.wikipedia.org/wiki/Dodd_(Skiddaw),NY2440027300,,,361,110,Northern Fells,89 90,324400,527300,54.635136,-3.172736
176,Green Crag,"Hu,4,sMa,W,B,Sy,Fel",,,"1,603",489,https://en.wikipedia.org/wiki/Green_Crag,SD2000098200,,,472,144,Southern Fells,96,320000,498200,54.373,-3.2329856
177,Grike,"4,W,B,Sy,Fel",,,"1,601",488,https://en.wikipedia.org/wiki/Grike_(Lake_District),NY0840014000,,,121,37,Western Fells,89,308400,514000,54.512995,-3.4163853
178,Baystones [Wansfell],"Hu,4,sMa,W,Fel",,,"1,597",487,https://en.wikipedia.org/wiki/BaystonesÊ[Wansfell],NY4030005100,,,485,148,Far Eastern Fells,90,340300,505100,54.437789,-2.92194
179,Longlands Fell,"4,W,B,Sy,Fel",,,"1,585",483,https://en.wikipedia.org/wiki/Longlands_Fell,NY2750035400,,,121,37,Northern Fells,89 90,327500,535400,54.70837,-3.126734
180,Sour Howes,"4,W,B,Sy",,,"1,585",483,https://en.wikipedia.org/wiki/Sour_Howes,NY4270003200,,,115,35,Far Eastern Fells,90,342700,503200,54.420993,-2.8845747
181,Gowbarrow Fell,"W,B,Sy,Fel",,,"1,579",481,https://en.wikipedia.org/wiki/Gowbarrow_Fell,NY4070021800,,,30,9,Eastern Fells,90,340700,521800,54.587898,-2.9191377
182,Burnbank Fell,"W,B,Sy",,,"1,558",475,https://en.wikipedia.org/wiki/Burnbank_Fell,NY1100020900,,,72,22,Western Fells,89,311000,520900,54.57545,-3.3783268
183,Armboth Fell,W,,,"1,558",475,https://en.wikipedia.org/wiki/Armboth_Fell,NY2950015700,,,25,8,Central Fells,89 90,329500,515700,54.531648,-3.0909526
184,Lingmoor Fell,"Ma,4,W,B,Sy,Fel",,,"1,542",470,https://en.wikipedia.org/wiki/Lingmoor_Fell,NY3020004600,,,814,248,Southern Fells,90,330200,504600,54.432008,-3.0775116
185,Barf,"4,W,B,Sy,Fel",,,"1,539",469,https://en.wikipedia.org/wiki/Barf_(Lake_District),NY2140026700,,,125,38,North Western Fells,89 90,321400,526700,54.629287,-3.2190402
186,Raven Crag,"4,W,B,Sy,Fel",,,"1,512",461,https://en.wikipedia.org/wiki/Raven_Crag,NY3030018700,,,144,44,Central Fells,90,330300,518700,54.558715,-3.0793041
187,Barrow,"4,W,B,Sy,Fel",,,"1,493",455,https://en.wikipedia.org/wiki/Barrow_(Lake_District),NY2270021800,,,233,71,North Western Fells,89 90,322700,521800,54.585462,-3.1976145
188,Graystones,W,,,"1,483",452,https://en.wikipedia.org/wiki/Graystones,NY1760026600,,,31,9,North Western Fells,89 90,317600,526600,54.627781,-3.2778586
189,Catbells,"4,W,B,Sy,Fel",,,"1,480",451,https://en.wikipedia.org/wiki/Catbells,NY2440019800,,,285,87,North Western Fells,89 90,324400,519800,54.56775,-3.1708004
190,Nab Scar,"W,B,Sy,Fel",,,"1,476",450,https://en.wikipedia.org/wiki/Nab_Scar,NY3550007200,,,7,2,Eastern Fells,90,335500,507200,54.456072,-2.9963908
191,Great Crag,"4,W,B,Sy,Fel",,,"1,473",449,https://en.wikipedia.org/wiki/Great_Crag,NY2700014600,,,105,32,Central Fells,89 90,327000,514600,54.52141,-3.1293042
192,Binsey,"Ma,4,W,B,Sy,Fel",,,"1,467",447,"https://en.wikipedia.org/wiki/Binsey,_Cumbria",NY2250035500,,,794,242,Northern Fells,89 90,322500,535500,54.708522,-3.2043431
193,Glenridding Dodd,"4,W,B,Sy,Fel",,,"1,450",442,https://en.wikipedia.org/wiki/Glenridding_Dodd,NY3800017500,,,148,45,Eastern Fells,90,338000,517500,54.548936,-2.9600032
194,Arnison Crag,"4,W,B,Sy,Fel",,,"1,421",433,https://en.wikipedia.org/wiki/Arnison_Crag,NY3930014900,,,105,32,Eastern Fells,90,339300,514900,54.525731,-2.939372
195,Steel Knotts,"4,W,B,Sy,Fel",,,"1,417",432,https://en.wikipedia.org/wiki/Steel_Knotts,NY4400018100,,,167,51,Far Eastern Fells,90,344000,518100,54.555028,-2.867373
196,Low Fell,"Ma,4,W,B,Sy,Fel",,,"1,388",423,https://en.wikipedia.org/wiki/Low_Fell_(Lake_District),NY1370022600,,,873,266,Western Fells,89,313700,522600,54.591192,-3.3370713
197,Buckbarrow,"W,B,Sy,Fel",,,"1,388",423,https://en.wikipedia.org/wiki/Buckbarrow,NY1350006100,,,13,4,Western Fells,89,313500,506100,54.442914,-3.3353193
198,Gibson Knott,"W,B,Sy,Fel",,,"1,378",420,https://en.wikipedia.org/wiki/Gibson_Knott,NY3160010000,,,33,10,Central Fells,90,331600,510000,54.48072,-3.057184
199,Fellbarrow,"4,W,B,Sy,Fel",,,"1,365",416,https://en.wikipedia.org/wiki/Fellbarrow,NY1320024200,,,169,52,Western Fells,89,313200,524200,54.605481,-3.3452808
200,Grange Fell [Brund Fell],"4,W,B,Sy,Fel",,,"1,365",416,https://en.wikipedia.org/wiki/Grange_FellÊ[Brund Fell],NY2640016200,,,125,38,Central Fells,89 90,326400,516200,54.535699,-3.1389719
201,Helm Crag,"4,W,B,Sy,Fel",,,"1,329",405,https://en.wikipedia.org/wiki/Helm_Crag,NY3260009300,,,230,70,Central Fells,90,332600,509300,54.474564,-3.0415931
202,Silver How,"3,W,B,Sy,Fel",,,"1,296",395,https://en.wikipedia.org/wiki/Silver_How,NY3240006600,,,102,31,Central Fells,90,332400,506600,54.450277,-3.0440609
203,Hallin Fell,"Ma,3,W,B,Sy,Fel",,,"1,273",388,https://en.wikipedia.org/wiki/Hallin_Fell,NY4330019800,,,535,163,Far Eastern Fells,90,343300,519800,54.570225,-2.8785233
204,Walla Crag,"W,B,Sy,Fel",,,"1,243",379,https://en.wikipedia.org/wiki/Walla_Crag,NY2760021200,,,79,24,Central Fells,89 90,327600,521200,54.580798,-3.121663
205,Ling Fell,"3,sHu,W,B,Sy,Fel",,,"1,224",373,https://en.wikipedia.org/wiki/Ling_Fell,NY1790028500,,,318,97,North Western Fells,89 90,317900,528500,54.644901,-3.2737466
206,Latrigg,"3,W,B,Sy,Fel",,,"1,207",368,https://en.wikipedia.org/wiki/Latrigg,NY2790024700,,,240,73,Northern Fells,89 90,327900,524700,54.612288,-3.1178838
207,Troutbeck Tongue,"3,W,B,Sy,Fel",,,"1,194",364,https://en.wikipedia.org/wiki/Troutbeck_Tongue,NY4220006400,,,240,73,Far Eastern Fells,90,342200,506400,54.449691,-2.8929047
208,Sale Fell,"Hu,3,W,B,Sy,Fel",,,"1,178",359,https://en.wikipedia.org/wiki/Sale_Fell,NY1940029600,,,449,137,North Western Fells,89 90,319400,529600,54.655026,-3.2508122
209,High Rigg,"Ma,3,W,B,Sy,Fel",,,"1,171",357,https://en.wikipedia.org/wiki/High_RiggÊ[Naddle Fell],NY3080021900,,,620,189,Central Fells,90,330800,521900,54.587536,-3.0723287
210,Rannerdale Knotts,"3,W,B,Sy,Fel",,,"1,165",355,https://en.wikipedia.org/wiki/Rannerdale_Knotts,NY1670018200,,,217,66,North Western Fells,89,316700,518200,54.552164,-3.2894086
211,Loughrigg Fell,"Ma,3,W,B,Sy,Fel",,,"1,099",335,https://en.wikipedia.org/wiki/Loughrigg_Fell,NY3460005100,,,564,172,Central Fells,90,334600,505100,54.437087,-3.0098059
212,Black Fell,"Hu,3,W,B,Sy,Fel",,,"1,060",323,https://en.wikipedia.org/wiki/Black_Fell_(Lake_District),NY3400001500,,,413,126,Southern Fells,90,334000,501500,54.404661,-3.0182523
213,Holme Fell,"Ma,3,W,B,Sy,Fel",,,"1,040",317,https://en.wikipedia.org/wiki/Holme_Fell,NY3150000600,,,541,165,Southern Fells,90,331500,500600,54.396243,-3.0565504
214,Castle Crag,"2,W,Sy,Fel",,,951,290,https://en.wikipedia.org/wiki/Castle_Crag,NY2490015900,,,246,75,North Western Fells,89 90,324900,515900,54.532783,-3.162072